INSERT INTO `restaurant` (`res_id`, `address`, `logo_url`, `name`)
VALUES (1, '/images/restaurant/pic1.jpg', 'Nhà hàng 1', '15/7 Cộng Hòa'),
       (2, '/images/restaurant/pic2.jpg', 'Nhà hàng 2', '54 Cầu giấy'),
       (3, '/images/restaurant/pic3.jpg', 'Nhà hàng 3', '12 Quang Trung'),
       (4, '/images/restaurant/pic4.jpg', 'Nhà hàng 4', '111 Hoa Hồng'),
       (5, '/images/restaurant/pic5.jpg', 'Nhà hàng 5', '111 Hoàng Hoa Thám'),
       (6, '/images/restaurant/pic6.jpg', 'Nhà hàng 6', '29 Cách mạng tháng 8'),
       (7, '/images/restaurant/pic7.jpg', 'Nhà hàng 7', '5 Quang Trung'),
       (8, '/images/restaurant/pic8.jpg', 'Nhà hàng 8', '37 Lê Văn Thọ'),
       (9, '/images/restaurant/pic9.jpg', 'Nhà hàng 9', '106 Lạc Long Quân'),
       (10, '/images/restaurant/pic10.jpg', 'Nhà hàng 10', '72 Nguyễn Phúc Chu');
INSERT INTO `category` (`cate_id`, `name`, `restaurant`)
VALUES (1, 'Chicken', 1),
       (2, 'Beef', 1),
       (3, 'Beef', 2),
       (4, 'Pizza', 9),
       (5, 'Hamburger', 7),
       (6, 'Shushi', 4),
       (7, 'Salad', 8),
       (8, 'Dessert', 10),
       (9, 'Noodles', 7),
       (10, 'Pizza', 6),
       (11, 'Pizza', 3),
       (12, 'Pizza', 10),
       (13, 'Noodles', 3),
       (14, 'Dessert', 1),
       (15, 'Dessert', 2),
       (16, 'Dessert', 3),
       (17, 'Dessert', 4),
       (18, 'Dessert', 5),
       (19, 'Dessert', 6),
       (20, 'Dessert', 7),
       (21, 'Dessert', 8),
       (22, 'Dessert', 9),
       (23, 'Chicken', 3),
       (24, 'Chicken', 5),
       (25, 'Chicken', 8),
       (26, 'Beef', 6),
       (27, 'Beef', 9),
       (28, 'Pizza', 1),
       (29, 'Hamburger', 3),
       (30, 'Hamburger', 4),
       (31, 'Salad', 1),
       (32, 'Salad', 8),
       (33, 'Noodles', 3),
       (34, 'Noodles', 9),
       (35, 'Shushi', 6),
       (36, 'Shushi', 9);


INSERT INTO `food` (`food_id`, `image`, `name`, `price`, `unit_quantity`, `category_id`)
VALUES (1, '/images/food/ga1.jpg', 'Chicken 1', 123, 1, 1),
       (2, '/images/food/ga2.jpg', 'Chicken 2', 111, 1, 1),
       (3, '/images/food/ga3.jpg', 'Chicken 3', 100, 1, 1),
       (6, '/images/food/ga4.jpg', 'Chicken 4', 90, 1, 1),
       (7, '/images/food/beef1.jpg', 'Beef 1', 50, 1, 2),
       (8, '/images/food/beef2.jpg', 'Beef 2', 60, 1, 2),
       (9, '/images/food/beef3.jpg', 'Beef 3', 70, 1, 2),
       (10, '/images/food/beef4.jpg', 'Beef 4', 55, 1, 2),
       (11, '/images/food/pizza1.jpg', 'Pizza 1', 55, 1, 4),
       (12, '/images/food/pizza2.jpg', 'Pizza 2', 57, 1, 4),
       (13, '/images/food/pizza3.jpg', 'Pizza 3', 59, 1, 4),
       (14, '/images/food/pizza4.jpg', 'Pizza 4', 42, 1, 4),
       (15, '/images/food/burger1.jpg', 'Burger 1', 55, 1, 5),
       (16, '/images/food/burger2.jpg', 'Burger 2', 50, 1, 5),
       (17, '/images/food/burger3.jpg', 'Burger 3', 43, 1, 5),
       (18, '/images/food/burger4.jpg', 'Burger 4', 33, 1, 5),
       (19, '/images/food/sushi1.jpg', 'Sushi 1', 33, 1, 6),
       (20, '/images/food/sushi2.jpg', 'Sushi 2', 38, 1, 6),
       (21, '/images/food/sushi3.jpg', 'Sushi 3', 40, 1, 6),
       (22, '/images/food/sushi4.jpg', 'Sushi 4', 42, 1, 6),
       (23, '/images/food/salad1.jpg', 'Salad 1', 10, 1, 7),
       (24, '/images/food/salad2.jpg', 'Salad 2', 8, 1, 7),
       (25, '/images/food/salad3.jpg', 'Salad 3', 12, 1, 7),
       (26, '/images/food/salad4.jpg', 'Salad 4', 14, 1, 7),
       (27, '/images/food/dessert1.jpg', 'Dessert 1', 15, 1, 8),
       (28, '/images/food/dessert2.jpg', 'Dessert 2', 17, 1, 8),
       (29, '/images/food/dessert3.jpg', 'Dessert 3', 18, 1, 8),
       (30, '/images/food/dessert4.jpg', 'Dessert 4', 11, 1, 8),
       (31, '/images/food/noodle1.jpg', 'Noodle 1', 20, 1, 9),
       (32, '/images/food/noodle2.jpg', 'Noodle 2', 22, 1, 9),
       (33, '/images/food/noodle3.jpg', 'Noodle 3', 23, 1, 9),
       (34, '/images/food/noodle4.jpg', 'Noodle 4', 24, 1, 9),
       (35, '/images/food/beef1.jpg', 'Beef 1', 50, 1, 3),
       (36, '/images/food/beef2.jpg', 'Beef 2', 60, 1, 3),
       (37, '/images/food/beef3.jpg', 'Beef 3', 70, 1, 3),
       (38, '/images/food/beef4.jpg', 'Beef 4', 55, 1, 3),
       (39, '/images/food/beef1.jpg', 'Beef 1', 50, 1, 26),
       (40, '/images/food/beef2.jpg', 'Beef 2', 60, 1, 26),
       (41, '/images/food/beef3.jpg', 'Beef 3', 70, 1, 26),
       (42, '/images/food/beef4.jpg', 'Beef 4', 55, 1, 26),
       (43, '/images/food/beef1.jpg', 'Beef 1', 50, 1, 27),
       (44, '/images/food/beef2.jpg', 'Beef 2', 60, 1, 27),
       (45, '/images/food/beef3.jpg', 'Beef 3', 70, 1, 27),
       (46, '/images/food/beef4.jpg', 'Beef 4', 55, 1, 27),
       (47, '/images/food/pizza2.jpg', 'Pizza 2', 57, 1, 10),
       (48, '/images/food/pizza3.jpg', 'Pizza 3', 59, 1, 10),
       (49, '/images/food/pizza4.jpg', 'Pizza 4', 42, 1, 10),
       (50, '/images/food/pizza3.jpg', 'Pizza 3', 59, 1, 11),
       (51, '/images/food/pizza4.jpg', 'Pizza 4', 42, 1, 11),
       (52, '/images/food/pizza3.jpg', 'Pizza 3', 59, 1, 12),
       (53, '/images/food/pizza4.jpg', 'Pizza 4', 42, 1, 12),
       (54, '/images/food/pizza3.jpg', 'Pizza 3', 59, 1, 28),
       (55, '/images/food/burger2.jpg', 'Burger 2', 50, 1, 29),
       (56, '/images/food/burger3.jpg', 'Burger 3', 43, 1, 30),
       (57, '/images/food/sushi1.jpg', 'Sushi 1', 33, 1, 35),
       (58, '/images/food/sushi2.jpg', 'Sushi 2', 38, 1, 36),
       (59, '/images/food/sushi3.jpg', 'Sushi 3', 40, 1, 35),
       (60, '/images/food/sushi4.jpg', 'Sushi 4', 42, 1, 36),
       (61, '/images/food/salad1.jpg', 'Salad 1', 10, 1, 32),
       (62, '/images/food/salad2.jpg', 'Salad 2', 8, 1, 32),
       (63, '/images/food/salad3.jpg', 'Salad 3', 12, 1, 31),
       (64, '/images/food/salad4.jpg', 'Salad 4', 14, 1, 31),
       (65, '/images/food/dessert1.jpg', 'Dessert 1', 15, 1, 15),
       (66, '/images/food/dessert2.jpg', 'Dessert 2', 17, 1, 19),
       (67, '/images/food/dessert3.jpg', 'Dessert 3', 18, 1, 21),
       (68, '/images/food/dessert4.jpg', 'Dessert 4', 11, 1, 18),
       (69, '/images/food/noodle1.jpg', 'Noodle 1', 20, 1, 34),
       (70, '/images/food/noodle2.jpg', 'Noodle 2', 22, 1, 33),
       (71, '/images/food/noodle3.jpg', 'Noodle 3', 23, 1, 33),
       (72, '/images/food/noodle4.jpg', 'Noodle 4', 24, 1, 34);




